,Unnamed: 0,Title,Description,Link
0,0,moder dem silent a biden skirt senat confirm for john kerri replac,senat democrat were silent when ask by fox news digit for a respons to presid biden decis to appoint john podesta to a top polici role without senat confirm,/politics/moderate-dems-silent-biden-skirts-senate-confirmation-john-kerrys-replacement
1,1,dc juri order conserv comment to pay 1m for defam climat scientist,two conserv comment were found guilti thursday of defam a promin climat scientist who creat the fame hockey stick graph,/politics/dc-jury-orders-conservative-commentator-pay-1-million-defaming-climate-scientist
2,2,aoc declar victori in fight for green new deal 5 year later social and ecolog transform,rep alexandria ocasiocortez declar victori in her fight for a green new deal say presid biden ha pursu her vision but call for addit transform,/politics/aoc-declares-victory-fight-green-new-deal-5-years-later-social-ecological-transformation
3,3,whi gas stove owner should still be worri,the biden administr is backtrack on energi effici regul of gas stove but given their climat agenda there are still way they could go after them,/opinion/why-gas-stove-owners-should-still-worried
4,4,state ag warn biden natur gas moratorium violat feder law demand revers,first on fox a group of near two dozen state are warn that presid biden latest crackdown on natur gas export may violat sever feder statut,/politics/state-ags-warn-bidens-natural-gas-moratorium-violates-federal-law-demand-reversal
5,5,john kerri climat offic face gop oversight probe over coordin with eco group kitchen cabinet,first on fox the hous oversight committe is expand it investig into special presidenti envoy for climat john kerri appar frequent work with eco group,/politics/john-kerrys-climate-office-faces-gop-oversight-probe-coordination-eco-group-kitchen-cabinet
6,6,biden latest climat rule crack down on manufactur ignor industri warn of econom devast,the environment protect agenc unveil a sweep regulatori action curb particul matter emiss from industri sourc such a manufactur and energi,/politics/bidens-latest-climate-rules-crack-down-manufacturing-ignoring-industry-warnings-economic-devastation
7,7,biden admin su for hide john kerri staff coordin with eco group,first on fox the biden administr wa hit with a feder complaint tuesday for alleg fail to divulg the name of climat envoy john kerri taxpayerfund staff,/politics/biden-admin-sued-hiding-john-kerrys-staff-coordination-eco-groups
8,8,tiktok activist say he advis white hous on biden new natur gas moratorium,a climat chang activist who ha a larg follow on tiktok told fox news digit that he met with the white hous ahead of it action block new natur gas export,/politics/tiktok-activist-says-he-advised-white-house-bidens-new-natural-gas-moratorium
9,9,anoth dead whale beach in maryland amid rapid offshor wind develop,state offici in maryland report a second humpback whale death in three week a develop and govern agenc race to construct more green energi,/politics/another-dead-whale-beaches-maryland-amid-rapid-offshore-wind-development
10,10,moder dem silent a biden skirt senat confirm for john kerri replac,senat democrat were silent when ask by fox news digit for a respons to presid biden decis to appoint john podesta to a top polici role without senat confirm,/politics/moderate-dems-silent-biden-skirts-senate-confirmation-john-kerrys-replacement
11,11,dc juri order conserv comment to pay 1m for defam climat scientist,two conserv comment were found guilti thursday of defam a promin climat scientist who creat the fame hockey stick graph,/politics/dc-jury-orders-conservative-commentator-pay-1-million-defaming-climate-scientist
12,12,aoc declar victori in fight for green new deal 5 year later social and ecolog transform,rep alexandria ocasiocortez declar victori in her fight for a green new deal say presid biden ha pursu her vision but call for addit transform,/politics/aoc-declares-victory-fight-green-new-deal-5-years-later-social-ecological-transformation
13,13,whi gas stove owner should still be worri,the biden administr is backtrack on energi effici regul of gas stove but given their climat agenda there are still way they could go after them,/opinion/why-gas-stove-owners-should-still-worried
14,14,state ag warn biden natur gas moratorium violat feder law demand revers,first on fox a group of near two dozen state are warn that presid biden latest crackdown on natur gas export may violat sever feder statut,/politics/state-ags-warn-bidens-natural-gas-moratorium-violates-federal-law-demand-reversal
15,15,john kerri climat offic face gop oversight probe over coordin with eco group kitchen cabinet,first on fox the hous oversight committe is expand it investig into special presidenti envoy for climat john kerri appar frequent work with eco group,/politics/john-kerrys-climate-office-faces-gop-oversight-probe-coordination-eco-group-kitchen-cabinet
16,16,biden latest climat rule crack down on manufactur ignor industri warn of econom devast,the environment protect agenc unveil a sweep regulatori action curb particul matter emiss from industri sourc such a manufactur and energi,/politics/bidens-latest-climate-rules-crack-down-manufacturing-ignoring-industry-warnings-economic-devastation
17,17,biden admin su for hide john kerri staff coordin with eco group,first on fox the biden administr wa hit with a feder complaint tuesday for alleg fail to divulg the name of climat envoy john kerri taxpayerfund staff,/politics/biden-admin-sued-hiding-john-kerrys-staff-coordination-eco-groups
18,18,tiktok activist say he advis white hous on biden new natur gas moratorium,a climat chang activist who ha a larg follow on tiktok told fox news digit that he met with the white hous ahead of it action block new natur gas export,/politics/tiktok-activist-says-he-advised-white-house-bidens-new-natural-gas-moratorium
19,19,anoth dead whale beach in maryland amid rapid offshor wind develop,state offici in maryland report a second humpback whale death in three week a develop and govern agenc race to construct more green energi,/politics/another-dead-whale-beaches-maryland-amid-rapid-offshore-wind-development
20,20,moder dem silent a biden skirt senat confirm for john kerri replac,senat democrat were silent when ask by fox news digit for a respons to presid biden decis to appoint john podesta to a top polici role without senat confirm,/politics/moderate-dems-silent-biden-skirts-senate-confirmation-john-kerrys-replacement
21,21,dc juri order conserv comment to pay 1m for defam climat scientist,two conserv comment were found guilti thursday of defam a promin climat scientist who creat the fame hockey stick graph,/politics/dc-jury-orders-conservative-commentator-pay-1-million-defaming-climate-scientist
22,22,aoc declar victori in fight for green new deal 5 year later social and ecolog transform,rep alexandria ocasiocortez declar victori in her fight for a green new deal say presid biden ha pursu her vision but call for addit transform,/politics/aoc-declares-victory-fight-green-new-deal-5-years-later-social-ecological-transformation
23,23,whi gas stove owner should still be worri,the biden administr is backtrack on energi effici regul of gas stove but given their climat agenda there are still way they could go after them,/opinion/why-gas-stove-owners-should-still-worried
24,24,state ag warn biden natur gas moratorium violat feder law demand revers,first on fox a group of near two dozen state are warn that presid biden latest crackdown on natur gas export may violat sever feder statut,/politics/state-ags-warn-bidens-natural-gas-moratorium-violates-federal-law-demand-reversal
25,25,john kerri climat offic face gop oversight probe over coordin with eco group kitchen cabinet,first on fox the hous oversight committe is expand it investig into special presidenti envoy for climat john kerri appar frequent work with eco group,/politics/john-kerrys-climate-office-faces-gop-oversight-probe-coordination-eco-group-kitchen-cabinet
26,26,biden latest climat rule crack down on manufactur ignor industri warn of econom devast,the environment protect agenc unveil a sweep regulatori action curb particul matter emiss from industri sourc such a manufactur and energi,/politics/bidens-latest-climate-rules-crack-down-manufacturing-ignoring-industry-warnings-economic-devastation
27,27,biden admin su for hide john kerri staff coordin with eco group,first on fox the biden administr wa hit with a feder complaint tuesday for alleg fail to divulg the name of climat envoy john kerri taxpayerfund staff,/politics/biden-admin-sued-hiding-john-kerrys-staff-coordination-eco-groups
28,28,tiktok activist say he advis white hous on biden new natur gas moratorium,a climat chang activist who ha a larg follow on tiktok told fox news digit that he met with the white hous ahead of it action block new natur gas export,/politics/tiktok-activist-says-he-advised-white-house-bidens-new-natural-gas-moratorium
29,29,anoth dead whale beach in maryland amid rapid offshor wind develop,state offici in maryland report a second humpback whale death in three week a develop and govern agenc race to construct more green energi,/politics/another-dead-whale-beaches-maryland-amid-rapid-offshore-wind-development
30,30,moder dem silent a biden skirt senat confirm for john kerri replac,senat democrat were silent when ask by fox news digit for a respons to presid biden decis to appoint john podesta to a top polici role without senat confirm,/politics/moderate-dems-silent-biden-skirts-senate-confirmation-john-kerrys-replacement
31,31,dc juri order conserv comment to pay 1m for defam climat scientist,two conserv comment were found guilti thursday of defam a promin climat scientist who creat the fame hockey stick graph,/politics/dc-jury-orders-conservative-commentator-pay-1-million-defaming-climate-scientist
32,32,aoc declar victori in fight for green new deal 5 year later social and ecolog transform,rep alexandria ocasiocortez declar victori in her fight for a green new deal say presid biden ha pursu her vision but call for addit transform,/politics/aoc-declares-victory-fight-green-new-deal-5-years-later-social-ecological-transformation
33,33,whi gas stove owner should still be worri,the biden administr is backtrack on energi effici regul of gas stove but given their climat agenda there are still way they could go after them,/opinion/why-gas-stove-owners-should-still-worried
34,34,state ag warn biden natur gas moratorium violat feder law demand revers,first on fox a group of near two dozen state are warn that presid biden latest crackdown on natur gas export may violat sever feder statut,/politics/state-ags-warn-bidens-natural-gas-moratorium-violates-federal-law-demand-reversal
35,35,john kerri climat offic face gop oversight probe over coordin with eco group kitchen cabinet,first on fox the hous oversight committe is expand it investig into special presidenti envoy for climat john kerri appar frequent work with eco group,/politics/john-kerrys-climate-office-faces-gop-oversight-probe-coordination-eco-group-kitchen-cabinet
36,36,biden latest climat rule crack down on manufactur ignor industri warn of econom devast,the environment protect agenc unveil a sweep regulatori action curb particul matter emiss from industri sourc such a manufactur and energi,/politics/bidens-latest-climate-rules-crack-down-manufacturing-ignoring-industry-warnings-economic-devastation
37,37,biden admin su for hide john kerri staff coordin with eco group,first on fox the biden administr wa hit with a feder complaint tuesday for alleg fail to divulg the name of climat envoy john kerri taxpayerfund staff,/politics/biden-admin-sued-hiding-john-kerrys-staff-coordination-eco-groups
38,38,tiktok activist say he advis white hous on biden new natur gas moratorium,a climat chang activist who ha a larg follow on tiktok told fox news digit that he met with the white hous ahead of it action block new natur gas export,/politics/tiktok-activist-says-he-advised-white-house-bidens-new-natural-gas-moratorium
39,39,anoth dead whale beach in maryland amid rapid offshor wind develop,state offici in maryland report a second humpback whale death in three week a develop and govern agenc race to construct more green energi,/politics/another-dead-whale-beaches-maryland-amid-rapid-offshore-wind-development
40,40,moder dem silent a biden skirt senat confirm for john kerri replac,senat democrat were silent when ask by fox news digit for a respons to presid biden decis to appoint john podesta to a top polici role without senat confirm,/politics/moderate-dems-silent-biden-skirts-senate-confirmation-john-kerrys-replacement
41,41,dc juri order conserv comment to pay 1m for defam climat scientist,two conserv comment were found guilti thursday of defam a promin climat scientist who creat the fame hockey stick graph,/politics/dc-jury-orders-conservative-commentator-pay-1-million-defaming-climate-scientist
42,42,aoc declar victori in fight for green new deal 5 year later social and ecolog transform,rep alexandria ocasiocortez declar victori in her fight for a green new deal say presid biden ha pursu her vision but call for addit transform,/politics/aoc-declares-victory-fight-green-new-deal-5-years-later-social-ecological-transformation
43,43,whi gas stove owner should still be worri,the biden administr is backtrack on energi effici regul of gas stove but given their climat agenda there are still way they could go after them,/opinion/why-gas-stove-owners-should-still-worried
44,44,state ag warn biden natur gas moratorium violat feder law demand revers,first on fox a group of near two dozen state are warn that presid biden latest crackdown on natur gas export may violat sever feder statut,/politics/state-ags-warn-bidens-natural-gas-moratorium-violates-federal-law-demand-reversal
45,45,john kerri climat offic face gop oversight probe over coordin with eco group kitchen cabinet,first on fox the hous oversight committe is expand it investig into special presidenti envoy for climat john kerri appar frequent work with eco group,/politics/john-kerrys-climate-office-faces-gop-oversight-probe-coordination-eco-group-kitchen-cabinet
46,46,biden latest climat rule crack down on manufactur ignor industri warn of econom devast,the environment protect agenc unveil a sweep regulatori action curb particul matter emiss from industri sourc such a manufactur and energi,/politics/bidens-latest-climate-rules-crack-down-manufacturing-ignoring-industry-warnings-economic-devastation
47,47,biden admin su for hide john kerri staff coordin with eco group,first on fox the biden administr wa hit with a feder complaint tuesday for alleg fail to divulg the name of climat envoy john kerri taxpayerfund staff,/politics/biden-admin-sued-hiding-john-kerrys-staff-coordination-eco-groups
48,48,tiktok activist say he advis white hous on biden new natur gas moratorium,a climat chang activist who ha a larg follow on tiktok told fox news digit that he met with the white hous ahead of it action block new natur gas export,/politics/tiktok-activist-says-he-advised-white-house-bidens-new-natural-gas-moratorium
49,49,anoth dead whale beach in maryland amid rapid offshor wind develop,state offici in maryland report a second humpback whale death in three week a develop and govern agenc race to construct more green energi,/politics/another-dead-whale-beaches-maryland-amid-rapid-offshore-wind-development
50,50,moder dem silent a biden skirt senat confirm for john kerri replac,senat democrat were silent when ask by fox news digit for a respons to presid biden decis to appoint john podesta to a top polici role without senat confirm,/politics/moderate-dems-silent-biden-skirts-senate-confirmation-john-kerrys-replacement
51,51,dc juri order conserv comment to pay 1m for defam climat scientist,two conserv comment were found guilti thursday of defam a promin climat scientist who creat the fame hockey stick graph,/politics/dc-jury-orders-conservative-commentator-pay-1-million-defaming-climate-scientist
52,52,aoc declar victori in fight for green new deal 5 year later social and ecolog transform,rep alexandria ocasiocortez declar victori in her fight for a green new deal say presid biden ha pursu her vision but call for addit transform,/politics/aoc-declares-victory-fight-green-new-deal-5-years-later-social-ecological-transformation
53,53,whi gas stove owner should still be worri,the biden administr is backtrack on energi effici regul of gas stove but given their climat agenda there are still way they could go after them,/opinion/why-gas-stove-owners-should-still-worried
54,54,state ag warn biden natur gas moratorium violat feder law demand revers,first on fox a group of near two dozen state are warn that presid biden latest crackdown on natur gas export may violat sever feder statut,/politics/state-ags-warn-bidens-natural-gas-moratorium-violates-federal-law-demand-reversal
55,55,john kerri climat offic face gop oversight probe over coordin with eco group kitchen cabinet,first on fox the hous oversight committe is expand it investig into special presidenti envoy for climat john kerri appar frequent work with eco group,/politics/john-kerrys-climate-office-faces-gop-oversight-probe-coordination-eco-group-kitchen-cabinet
56,56,biden latest climat rule crack down on manufactur ignor industri warn of econom devast,the environment protect agenc unveil a sweep regulatori action curb particul matter emiss from industri sourc such a manufactur and energi,/politics/bidens-latest-climate-rules-crack-down-manufacturing-ignoring-industry-warnings-economic-devastation
57,57,biden admin su for hide john kerri staff coordin with eco group,first on fox the biden administr wa hit with a feder complaint tuesday for alleg fail to divulg the name of climat envoy john kerri taxpayerfund staff,/politics/biden-admin-sued-hiding-john-kerrys-staff-coordination-eco-groups
58,58,tiktok activist say he advis white hous on biden new natur gas moratorium,a climat chang activist who ha a larg follow on tiktok told fox news digit that he met with the white hous ahead of it action block new natur gas export,/politics/tiktok-activist-says-he-advised-white-house-bidens-new-natural-gas-moratorium
59,59,anoth dead whale beach in maryland amid rapid offshor wind develop,state offici in maryland report a second humpback whale death in three week a develop and govern agenc race to construct more green energi,/politics/another-dead-whale-beaches-maryland-amid-rapid-offshore-wind-development
60,60,moder dem silent a biden skirt senat confirm for john kerri replac,senat democrat were silent when ask by fox news digit for a respons to presid biden decis to appoint john podesta to a top polici role without senat confirm,/politics/moderate-dems-silent-biden-skirts-senate-confirmation-john-kerrys-replacement
61,61,dc juri order conserv comment to pay 1m for defam climat scientist,two conserv comment were found guilti thursday of defam a promin climat scientist who creat the fame hockey stick graph,/politics/dc-jury-orders-conservative-commentator-pay-1-million-defaming-climate-scientist
62,62,aoc declar victori in fight for green new deal 5 year later social and ecolog transform,rep alexandria ocasiocortez declar victori in her fight for a green new deal say presid biden ha pursu her vision but call for addit transform,/politics/aoc-declares-victory-fight-green-new-deal-5-years-later-social-ecological-transformation
63,63,whi gas stove owner should still be worri,the biden administr is backtrack on energi effici regul of gas stove but given their climat agenda there are still way they could go after them,/opinion/why-gas-stove-owners-should-still-worried
64,64,state ag warn biden natur gas moratorium violat feder law demand revers,first on fox a group of near two dozen state are warn that presid biden latest crackdown on natur gas export may violat sever feder statut,/politics/state-ags-warn-bidens-natural-gas-moratorium-violates-federal-law-demand-reversal
65,65,john kerri climat offic face gop oversight probe over coordin with eco group kitchen cabinet,first on fox the hous oversight committe is expand it investig into special presidenti envoy for climat john kerri appar frequent work with eco group,/politics/john-kerrys-climate-office-faces-gop-oversight-probe-coordination-eco-group-kitchen-cabinet
66,66,biden latest climat rule crack down on manufactur ignor industri warn of econom devast,the environment protect agenc unveil a sweep regulatori action curb particul matter emiss from industri sourc such a manufactur and energi,/politics/bidens-latest-climate-rules-crack-down-manufacturing-ignoring-industry-warnings-economic-devastation
67,67,biden admin su for hide john kerri staff coordin with eco group,first on fox the biden administr wa hit with a feder complaint tuesday for alleg fail to divulg the name of climat envoy john kerri taxpayerfund staff,/politics/biden-admin-sued-hiding-john-kerrys-staff-coordination-eco-groups
68,68,tiktok activist say he advis white hous on biden new natur gas moratorium,a climat chang activist who ha a larg follow on tiktok told fox news digit that he met with the white hous ahead of it action block new natur gas export,/politics/tiktok-activist-says-he-advised-white-house-bidens-new-natural-gas-moratorium
69,69,anoth dead whale beach in maryland amid rapid offshor wind develop,state offici in maryland report a second humpback whale death in three week a develop and govern agenc race to construct more green energi,/politics/another-dead-whale-beaches-maryland-amid-rapid-offshore-wind-development
70,70,moder dem silent a biden skirt senat confirm for john kerri replac,senat democrat were silent when ask by fox news digit for a respons to presid biden decis to appoint john podesta to a top polici role without senat confirm,/politics/moderate-dems-silent-biden-skirts-senate-confirmation-john-kerrys-replacement
71,71,dc juri order conserv comment to pay 1m for defam climat scientist,two conserv comment were found guilti thursday of defam a promin climat scientist who creat the fame hockey stick graph,/politics/dc-jury-orders-conservative-commentator-pay-1-million-defaming-climate-scientist
72,72,aoc declar victori in fight for green new deal 5 year later social and ecolog transform,rep alexandria ocasiocortez declar victori in her fight for a green new deal say presid biden ha pursu her vision but call for addit transform,/politics/aoc-declares-victory-fight-green-new-deal-5-years-later-social-ecological-transformation
73,73,whi gas stove owner should still be worri,the biden administr is backtrack on energi effici regul of gas stove but given their climat agenda there are still way they could go after them,/opinion/why-gas-stove-owners-should-still-worried
74,74,state ag warn biden natur gas moratorium violat feder law demand revers,first on fox a group of near two dozen state are warn that presid biden latest crackdown on natur gas export may violat sever feder statut,/politics/state-ags-warn-bidens-natural-gas-moratorium-violates-federal-law-demand-reversal
75,75,john kerri climat offic face gop oversight probe over coordin with eco group kitchen cabinet,first on fox the hous oversight committe is expand it investig into special presidenti envoy for climat john kerri appar frequent work with eco group,/politics/john-kerrys-climate-office-faces-gop-oversight-probe-coordination-eco-group-kitchen-cabinet
76,76,biden latest climat rule crack down on manufactur ignor industri warn of econom devast,the environment protect agenc unveil a sweep regulatori action curb particul matter emiss from industri sourc such a manufactur and energi,/politics/bidens-latest-climate-rules-crack-down-manufacturing-ignoring-industry-warnings-economic-devastation
77,77,biden admin su for hide john kerri staff coordin with eco group,first on fox the biden administr wa hit with a feder complaint tuesday for alleg fail to divulg the name of climat envoy john kerri taxpayerfund staff,/politics/biden-admin-sued-hiding-john-kerrys-staff-coordination-eco-groups
78,78,tiktok activist say he advis white hous on biden new natur gas moratorium,a climat chang activist who ha a larg follow on tiktok told fox news digit that he met with the white hous ahead of it action block new natur gas export,/politics/tiktok-activist-says-he-advised-white-house-bidens-new-natural-gas-moratorium
79,79,anoth dead whale beach in maryland amid rapid offshor wind develop,state offici in maryland report a second humpback whale death in three week a develop and govern agenc race to construct more green energi,/politics/another-dead-whale-beaches-maryland-amid-rapid-offshore-wind-development
80,80,moder dem silent a biden skirt senat confirm for john kerri replac,senat democrat were silent when ask by fox news digit for a respons to presid biden decis to appoint john podesta to a top polici role without senat confirm,/politics/moderate-dems-silent-biden-skirts-senate-confirmation-john-kerrys-replacement
81,81,dc juri order conserv comment to pay 1m for defam climat scientist,two conserv comment were found guilti thursday of defam a promin climat scientist who creat the fame hockey stick graph,/politics/dc-jury-orders-conservative-commentator-pay-1-million-defaming-climate-scientist
82,82,aoc declar victori in fight for green new deal 5 year later social and ecolog transform,rep alexandria ocasiocortez declar victori in her fight for a green new deal say presid biden ha pursu her vision but call for addit transform,/politics/aoc-declares-victory-fight-green-new-deal-5-years-later-social-ecological-transformation
83,83,whi gas stove owner should still be worri,the biden administr is backtrack on energi effici regul of gas stove but given their climat agenda there are still way they could go after them,/opinion/why-gas-stove-owners-should-still-worried
84,84,state ag warn biden natur gas moratorium violat feder law demand revers,first on fox a group of near two dozen state are warn that presid biden latest crackdown on natur gas export may violat sever feder statut,/politics/state-ags-warn-bidens-natural-gas-moratorium-violates-federal-law-demand-reversal
85,85,john kerri climat offic face gop oversight probe over coordin with eco group kitchen cabinet,first on fox the hous oversight committe is expand it investig into special presidenti envoy for climat john kerri appar frequent work with eco group,/politics/john-kerrys-climate-office-faces-gop-oversight-probe-coordination-eco-group-kitchen-cabinet
86,86,biden latest climat rule crack down on manufactur ignor industri warn of econom devast,the environment protect agenc unveil a sweep regulatori action curb particul matter emiss from industri sourc such a manufactur and energi,/politics/bidens-latest-climate-rules-crack-down-manufacturing-ignoring-industry-warnings-economic-devastation
87,87,biden admin su for hide john kerri staff coordin with eco group,first on fox the biden administr wa hit with a feder complaint tuesday for alleg fail to divulg the name of climat envoy john kerri taxpayerfund staff,/politics/biden-admin-sued-hiding-john-kerrys-staff-coordination-eco-groups
88,88,tiktok activist say he advis white hous on biden new natur gas moratorium,a climat chang activist who ha a larg follow on tiktok told fox news digit that he met with the white hous ahead of it action block new natur gas export,/politics/tiktok-activist-says-he-advised-white-house-bidens-new-natural-gas-moratorium
89,89,anoth dead whale beach in maryland amid rapid offshor wind develop,state offici in maryland report a second humpback whale death in three week a develop and govern agenc race to construct more green energi,/politics/another-dead-whale-beaches-maryland-amid-rapid-offshore-wind-development
90,90,moder dem silent a biden skirt senat confirm for john kerri replac,senat democrat were silent when ask by fox news digit for a respons to presid biden decis to appoint john podesta to a top polici role without senat confirm,/politics/moderate-dems-silent-biden-skirts-senate-confirmation-john-kerrys-replacement
91,91,dc juri order conserv comment to pay 1m for defam climat scientist,two conserv comment were found guilti thursday of defam a promin climat scientist who creat the fame hockey stick graph,/politics/dc-jury-orders-conservative-commentator-pay-1-million-defaming-climate-scientist
92,92,aoc declar victori in fight for green new deal 5 year later social and ecolog transform,rep alexandria ocasiocortez declar victori in her fight for a green new deal say presid biden ha pursu her vision but call for addit transform,/politics/aoc-declares-victory-fight-green-new-deal-5-years-later-social-ecological-transformation
93,93,whi gas stove owner should still be worri,the biden administr is backtrack on energi effici regul of gas stove but given their climat agenda there are still way they could go after them,/opinion/why-gas-stove-owners-should-still-worried
94,94,state ag warn biden natur gas moratorium violat feder law demand revers,first on fox a group of near two dozen state are warn that presid biden latest crackdown on natur gas export may violat sever feder statut,/politics/state-ags-warn-bidens-natural-gas-moratorium-violates-federal-law-demand-reversal
95,95,john kerri climat offic face gop oversight probe over coordin with eco group kitchen cabinet,first on fox the hous oversight committe is expand it investig into special presidenti envoy for climat john kerri appar frequent work with eco group,/politics/john-kerrys-climate-office-faces-gop-oversight-probe-coordination-eco-group-kitchen-cabinet
96,96,biden latest climat rule crack down on manufactur ignor industri warn of econom devast,the environment protect agenc unveil a sweep regulatori action curb particul matter emiss from industri sourc such a manufactur and energi,/politics/bidens-latest-climate-rules-crack-down-manufacturing-ignoring-industry-warnings-economic-devastation
97,97,biden admin su for hide john kerri staff coordin with eco group,first on fox the biden administr wa hit with a feder complaint tuesday for alleg fail to divulg the name of climat envoy john kerri taxpayerfund staff,/politics/biden-admin-sued-hiding-john-kerrys-staff-coordination-eco-groups
98,98,tiktok activist say he advis white hous on biden new natur gas moratorium,a climat chang activist who ha a larg follow on tiktok told fox news digit that he met with the white hous ahead of it action block new natur gas export,/politics/tiktok-activist-says-he-advised-white-house-bidens-new-natural-gas-moratorium
99,99,anoth dead whale beach in maryland amid rapid offshor wind develop,state offici in maryland report a second humpback whale death in three week a develop and govern agenc race to construct more green energi,/politics/another-dead-whale-beaches-maryland-amid-rapid-offshore-wind-development
100,100,moder dem silent a biden skirt senat confirm for john kerri replac,senat democrat were silent when ask by fox news digit for a respons to presid biden decis to appoint john podesta to a top polici role without senat confirm,/politics/moderate-dems-silent-biden-skirts-senate-confirmation-john-kerrys-replacement
101,101,dc juri order conserv comment to pay 1m for defam climat scientist,two conserv comment were found guilti thursday of defam a promin climat scientist who creat the fame hockey stick graph,/politics/dc-jury-orders-conservative-commentator-pay-1-million-defaming-climate-scientist
102,102,aoc declar victori in fight for green new deal 5 year later social and ecolog transform,rep alexandria ocasiocortez declar victori in her fight for a green new deal say presid biden ha pursu her vision but call for addit transform,/politics/aoc-declares-victory-fight-green-new-deal-5-years-later-social-ecological-transformation
103,103,whi gas stove owner should still be worri,the biden administr is backtrack on energi effici regul of gas stove but given their climat agenda there are still way they could go after them,/opinion/why-gas-stove-owners-should-still-worried
104,104,state ag warn biden natur gas moratorium violat feder law demand revers,first on fox a group of near two dozen state are warn that presid biden latest crackdown on natur gas export may violat sever feder statut,/politics/state-ags-warn-bidens-natural-gas-moratorium-violates-federal-law-demand-reversal
105,105,john kerri climat offic face gop oversight probe over coordin with eco group kitchen cabinet,first on fox the hous oversight committe is expand it investig into special presidenti envoy for climat john kerri appar frequent work with eco group,/politics/john-kerrys-climate-office-faces-gop-oversight-probe-coordination-eco-group-kitchen-cabinet
106,106,biden latest climat rule crack down on manufactur ignor industri warn of econom devast,the environment protect agenc unveil a sweep regulatori action curb particul matter emiss from industri sourc such a manufactur and energi,/politics/bidens-latest-climate-rules-crack-down-manufacturing-ignoring-industry-warnings-economic-devastation
107,107,biden admin su for hide john kerri staff coordin with eco group,first on fox the biden administr wa hit with a feder complaint tuesday for alleg fail to divulg the name of climat envoy john kerri taxpayerfund staff,/politics/biden-admin-sued-hiding-john-kerrys-staff-coordination-eco-groups
108,108,tiktok activist say he advis white hous on biden new natur gas moratorium,a climat chang activist who ha a larg follow on tiktok told fox news digit that he met with the white hous ahead of it action block new natur gas export,/politics/tiktok-activist-says-he-advised-white-house-bidens-new-natural-gas-moratorium
109,109,anoth dead whale beach in maryland amid rapid offshor wind develop,state offici in maryland report a second humpback whale death in three week a develop and govern agenc race to construct more green energi,/politics/another-dead-whale-beaches-maryland-amid-rapid-offshore-wind-development
110,110,moder dem silent a biden skirt senat confirm for john kerri replac,senat democrat were silent when ask by fox news digit for a respons to presid biden decis to appoint john podesta to a top polici role without senat confirm,/politics/moderate-dems-silent-biden-skirts-senate-confirmation-john-kerrys-replacement
111,111,dc juri order conserv comment to pay 1m for defam climat scientist,two conserv comment were found guilti thursday of defam a promin climat scientist who creat the fame hockey stick graph,/politics/dc-jury-orders-conservative-commentator-pay-1-million-defaming-climate-scientist
112,112,aoc declar victori in fight for green new deal 5 year later social and ecolog transform,rep alexandria ocasiocortez declar victori in her fight for a green new deal say presid biden ha pursu her vision but call for addit transform,/politics/aoc-declares-victory-fight-green-new-deal-5-years-later-social-ecological-transformation
113,113,whi gas stove owner should still be worri,the biden administr is backtrack on energi effici regul of gas stove but given their climat agenda there are still way they could go after them,/opinion/why-gas-stove-owners-should-still-worried
114,114,state ag warn biden natur gas moratorium violat feder law demand revers,first on fox a group of near two dozen state are warn that presid biden latest crackdown on natur gas export may violat sever feder statut,/politics/state-ags-warn-bidens-natural-gas-moratorium-violates-federal-law-demand-reversal
115,115,john kerri climat offic face gop oversight probe over coordin with eco group kitchen cabinet,first on fox the hous oversight committe is expand it investig into special presidenti envoy for climat john kerri appar frequent work with eco group,/politics/john-kerrys-climate-office-faces-gop-oversight-probe-coordination-eco-group-kitchen-cabinet
116,116,biden latest climat rule crack down on manufactur ignor industri warn of econom devast,the environment protect agenc unveil a sweep regulatori action curb particul matter emiss from industri sourc such a manufactur and energi,/politics/bidens-latest-climate-rules-crack-down-manufacturing-ignoring-industry-warnings-economic-devastation
117,117,biden admin su for hide john kerri staff coordin with eco group,first on fox the biden administr wa hit with a feder complaint tuesday for alleg fail to divulg the name of climat envoy john kerri taxpayerfund staff,/politics/biden-admin-sued-hiding-john-kerrys-staff-coordination-eco-groups
118,118,tiktok activist say he advis white hous on biden new natur gas moratorium,a climat chang activist who ha a larg follow on tiktok told fox news digit that he met with the white hous ahead of it action block new natur gas export,/politics/tiktok-activist-says-he-advised-white-house-bidens-new-natural-gas-moratorium
119,119,anoth dead whale beach in maryland amid rapid offshor wind develop,state offici in maryland report a second humpback whale death in three week a develop and govern agenc race to construct more green energi,/politics/another-dead-whale-beaches-maryland-amid-rapid-offshore-wind-development
120,120,moder dem silent a biden skirt senat confirm for john kerri replac,senat democrat were silent when ask by fox news digit for a respons to presid biden decis to appoint john podesta to a top polici role without senat confirm,/politics/moderate-dems-silent-biden-skirts-senate-confirmation-john-kerrys-replacement
121,121,dc juri order conserv comment to pay 1m for defam climat scientist,two conserv comment were found guilti thursday of defam a promin climat scientist who creat the fame hockey stick graph,/politics/dc-jury-orders-conservative-commentator-pay-1-million-defaming-climate-scientist
122,122,aoc declar victori in fight for green new deal 5 year later social and ecolog transform,rep alexandria ocasiocortez declar victori in her fight for a green new deal say presid biden ha pursu her vision but call for addit transform,/politics/aoc-declares-victory-fight-green-new-deal-5-years-later-social-ecological-transformation
123,123,whi gas stove owner should still be worri,the biden administr is backtrack on energi effici regul of gas stove but given their climat agenda there are still way they could go after them,/opinion/why-gas-stove-owners-should-still-worried
124,124,state ag warn biden natur gas moratorium violat feder law demand revers,first on fox a group of near two dozen state are warn that presid biden latest crackdown on natur gas export may violat sever feder statut,/politics/state-ags-warn-bidens-natural-gas-moratorium-violates-federal-law-demand-reversal
125,125,john kerri climat offic face gop oversight probe over coordin with eco group kitchen cabinet,first on fox the hous oversight committe is expand it investig into special presidenti envoy for climat john kerri appar frequent work with eco group,/politics/john-kerrys-climate-office-faces-gop-oversight-probe-coordination-eco-group-kitchen-cabinet
126,126,biden latest climat rule crack down on manufactur ignor industri warn of econom devast,the environment protect agenc unveil a sweep regulatori action curb particul matter emiss from industri sourc such a manufactur and energi,/politics/bidens-latest-climate-rules-crack-down-manufacturing-ignoring-industry-warnings-economic-devastation
127,127,biden admin su for hide john kerri staff coordin with eco group,first on fox the biden administr wa hit with a feder complaint tuesday for alleg fail to divulg the name of climat envoy john kerri taxpayerfund staff,/politics/biden-admin-sued-hiding-john-kerrys-staff-coordination-eco-groups
128,128,tiktok activist say he advis white hous on biden new natur gas moratorium,a climat chang activist who ha a larg follow on tiktok told fox news digit that he met with the white hous ahead of it action block new natur gas export,/politics/tiktok-activist-says-he-advised-white-house-bidens-new-natural-gas-moratorium
129,129,anoth dead whale beach in maryland amid rapid offshor wind develop,state offici in maryland report a second humpback whale death in three week a develop and govern agenc race to construct more green energi,/politics/another-dead-whale-beaches-maryland-amid-rapid-offshore-wind-development
130,130,moder dem silent a biden skirt senat confirm for john kerri replac,senat democrat were silent when ask by fox news digit for a respons to presid biden decis to appoint john podesta to a top polici role without senat confirm,/politics/moderate-dems-silent-biden-skirts-senate-confirmation-john-kerrys-replacement
131,131,dc juri order conserv comment to pay 1m for defam climat scientist,two conserv comment were found guilti thursday of defam a promin climat scientist who creat the fame hockey stick graph,/politics/dc-jury-orders-conservative-commentator-pay-1-million-defaming-climate-scientist
132,132,aoc declar victori in fight for green new deal 5 year later social and ecolog transform,rep alexandria ocasiocortez declar victori in her fight for a green new deal say presid biden ha pursu her vision but call for addit transform,/politics/aoc-declares-victory-fight-green-new-deal-5-years-later-social-ecological-transformation
133,133,whi gas stove owner should still be worri,the biden administr is backtrack on energi effici regul of gas stove but given their climat agenda there are still way they could go after them,/opinion/why-gas-stove-owners-should-still-worried
134,134,state ag warn biden natur gas moratorium violat feder law demand revers,first on fox a group of near two dozen state are warn that presid biden latest crackdown on natur gas export may violat sever feder statut,/politics/state-ags-warn-bidens-natural-gas-moratorium-violates-federal-law-demand-reversal
135,135,john kerri climat offic face gop oversight probe over coordin with eco group kitchen cabinet,first on fox the hous oversight committe is expand it investig into special presidenti envoy for climat john kerri appar frequent work with eco group,/politics/john-kerrys-climate-office-faces-gop-oversight-probe-coordination-eco-group-kitchen-cabinet
136,136,biden latest climat rule crack down on manufactur ignor industri warn of econom devast,the environment protect agenc unveil a sweep regulatori action curb particul matter emiss from industri sourc such a manufactur and energi,/politics/bidens-latest-climate-rules-crack-down-manufacturing-ignoring-industry-warnings-economic-devastation
137,137,biden admin su for hide john kerri staff coordin with eco group,first on fox the biden administr wa hit with a feder complaint tuesday for alleg fail to divulg the name of climat envoy john kerri taxpayerfund staff,/politics/biden-admin-sued-hiding-john-kerrys-staff-coordination-eco-groups
138,138,tiktok activist say he advis white hous on biden new natur gas moratorium,a climat chang activist who ha a larg follow on tiktok told fox news digit that he met with the white hous ahead of it action block new natur gas export,/politics/tiktok-activist-says-he-advised-white-house-bidens-new-natural-gas-moratorium
139,139,anoth dead whale beach in maryland amid rapid offshor wind develop,state offici in maryland report a second humpback whale death in three week a develop and govern agenc race to construct more green energi,/politics/another-dead-whale-beaches-maryland-amid-rapid-offshore-wind-development
140,140,moder dem silent a biden skirt senat confirm for john kerri replac,senat democrat were silent when ask by fox news digit for a respons to presid biden decis to appoint john podesta to a top polici role without senat confirm,/politics/moderate-dems-silent-biden-skirts-senate-confirmation-john-kerrys-replacement
141,141,dc juri order conserv comment to pay 1m for defam climat scientist,two conserv comment were found guilti thursday of defam a promin climat scientist who creat the fame hockey stick graph,/politics/dc-jury-orders-conservative-commentator-pay-1-million-defaming-climate-scientist
142,142,aoc declar victori in fight for green new deal 5 year later social and ecolog transform,rep alexandria ocasiocortez declar victori in her fight for a green new deal say presid biden ha pursu her vision but call for addit transform,/politics/aoc-declares-victory-fight-green-new-deal-5-years-later-social-ecological-transformation
143,143,whi gas stove owner should still be worri,the biden administr is backtrack on energi effici regul of gas stove but given their climat agenda there are still way they could go after them,/opinion/why-gas-stove-owners-should-still-worried
144,144,state ag warn biden natur gas moratorium violat feder law demand revers,first on fox a group of near two dozen state are warn that presid biden latest crackdown on natur gas export may violat sever feder statut,/politics/state-ags-warn-bidens-natural-gas-moratorium-violates-federal-law-demand-reversal
145,145,john kerri climat offic face gop oversight probe over coordin with eco group kitchen cabinet,first on fox the hous oversight committe is expand it investig into special presidenti envoy for climat john kerri appar frequent work with eco group,/politics/john-kerrys-climate-office-faces-gop-oversight-probe-coordination-eco-group-kitchen-cabinet
146,146,biden latest climat rule crack down on manufactur ignor industri warn of econom devast,the environment protect agenc unveil a sweep regulatori action curb particul matter emiss from industri sourc such a manufactur and energi,/politics/bidens-latest-climate-rules-crack-down-manufacturing-ignoring-industry-warnings-economic-devastation
147,147,biden admin su for hide john kerri staff coordin with eco group,first on fox the biden administr wa hit with a feder complaint tuesday for alleg fail to divulg the name of climat envoy john kerri taxpayerfund staff,/politics/biden-admin-sued-hiding-john-kerrys-staff-coordination-eco-groups
148,148,tiktok activist say he advis white hous on biden new natur gas moratorium,a climat chang activist who ha a larg follow on tiktok told fox news digit that he met with the white hous ahead of it action block new natur gas export,/politics/tiktok-activist-says-he-advised-white-house-bidens-new-natural-gas-moratorium
149,149,anoth dead whale beach in maryland amid rapid offshor wind develop,state offici in maryland report a second humpback whale death in three week a develop and govern agenc race to construct more green energi,/politics/another-dead-whale-beaches-maryland-amid-rapid-offshore-wind-development
150,150,moder dem silent a biden skirt senat confirm for john kerri replac,senat democrat were silent when ask by fox news digit for a respons to presid biden decis to appoint john podesta to a top polici role without senat confirm,/politics/moderate-dems-silent-biden-skirts-senate-confirmation-john-kerrys-replacement
151,151,dc juri order conserv comment to pay 1m for defam climat scientist,two conserv comment were found guilti thursday of defam a promin climat scientist who creat the fame hockey stick graph,/politics/dc-jury-orders-conservative-commentator-pay-1-million-defaming-climate-scientist
152,152,aoc declar victori in fight for green new deal 5 year later social and ecolog transform,rep alexandria ocasiocortez declar victori in her fight for a green new deal say presid biden ha pursu her vision but call for addit transform,/politics/aoc-declares-victory-fight-green-new-deal-5-years-later-social-ecological-transformation
153,153,whi gas stove owner should still be worri,the biden administr is backtrack on energi effici regul of gas stove but given their climat agenda there are still way they could go after them,/opinion/why-gas-stove-owners-should-still-worried
154,154,state ag warn biden natur gas moratorium violat feder law demand revers,first on fox a group of near two dozen state are warn that presid biden latest crackdown on natur gas export may violat sever feder statut,/politics/state-ags-warn-bidens-natural-gas-moratorium-violates-federal-law-demand-reversal
155,155,john kerri climat offic face gop oversight probe over coordin with eco group kitchen cabinet,first on fox the hous oversight committe is expand it investig into special presidenti envoy for climat john kerri appar frequent work with eco group,/politics/john-kerrys-climate-office-faces-gop-oversight-probe-coordination-eco-group-kitchen-cabinet
156,156,biden latest climat rule crack down on manufactur ignor industri warn of econom devast,the environment protect agenc unveil a sweep regulatori action curb particul matter emiss from industri sourc such a manufactur and energi,/politics/bidens-latest-climate-rules-crack-down-manufacturing-ignoring-industry-warnings-economic-devastation
157,157,biden admin su for hide john kerri staff coordin with eco group,first on fox the biden administr wa hit with a feder complaint tuesday for alleg fail to divulg the name of climat envoy john kerri taxpayerfund staff,/politics/biden-admin-sued-hiding-john-kerrys-staff-coordination-eco-groups
158,158,tiktok activist say he advis white hous on biden new natur gas moratorium,a climat chang activist who ha a larg follow on tiktok told fox news digit that he met with the white hous ahead of it action block new natur gas export,/politics/tiktok-activist-says-he-advised-white-house-bidens-new-natural-gas-moratorium
159,159,anoth dead whale beach in maryland amid rapid offshor wind develop,state offici in maryland report a second humpback whale death in three week a develop and govern agenc race to construct more green energi,/politics/another-dead-whale-beaches-maryland-amid-rapid-offshore-wind-development
160,160,moder dem silent a biden skirt senat confirm for john kerri replac,senat democrat were silent when ask by fox news digit for a respons to presid biden decis to appoint john podesta to a top polici role without senat confirm,/politics/moderate-dems-silent-biden-skirts-senate-confirmation-john-kerrys-replacement
161,161,dc juri order conserv comment to pay 1m for defam climat scientist,two conserv comment were found guilti thursday of defam a promin climat scientist who creat the fame hockey stick graph,/politics/dc-jury-orders-conservative-commentator-pay-1-million-defaming-climate-scientist
162,162,aoc declar victori in fight for green new deal 5 year later social and ecolog transform,rep alexandria ocasiocortez declar victori in her fight for a green new deal say presid biden ha pursu her vision but call for addit transform,/politics/aoc-declares-victory-fight-green-new-deal-5-years-later-social-ecological-transformation
163,163,whi gas stove owner should still be worri,the biden administr is backtrack on energi effici regul of gas stove but given their climat agenda there are still way they could go after them,/opinion/why-gas-stove-owners-should-still-worried
164,164,state ag warn biden natur gas moratorium violat feder law demand revers,first on fox a group of near two dozen state are warn that presid biden latest crackdown on natur gas export may violat sever feder statut,/politics/state-ags-warn-bidens-natural-gas-moratorium-violates-federal-law-demand-reversal
165,165,john kerri climat offic face gop oversight probe over coordin with eco group kitchen cabinet,first on fox the hous oversight committe is expand it investig into special presidenti envoy for climat john kerri appar frequent work with eco group,/politics/john-kerrys-climate-office-faces-gop-oversight-probe-coordination-eco-group-kitchen-cabinet
166,166,biden latest climat rule crack down on manufactur ignor industri warn of econom devast,the environment protect agenc unveil a sweep regulatori action curb particul matter emiss from industri sourc such a manufactur and energi,/politics/bidens-latest-climate-rules-crack-down-manufacturing-ignoring-industry-warnings-economic-devastation
167,167,biden admin su for hide john kerri staff coordin with eco group,first on fox the biden administr wa hit with a feder complaint tuesday for alleg fail to divulg the name of climat envoy john kerri taxpayerfund staff,/politics/biden-admin-sued-hiding-john-kerrys-staff-coordination-eco-groups
168,168,tiktok activist say he advis white hous on biden new natur gas moratorium,a climat chang activist who ha a larg follow on tiktok told fox news digit that he met with the white hous ahead of it action block new natur gas export,/politics/tiktok-activist-says-he-advised-white-house-bidens-new-natural-gas-moratorium
169,169,anoth dead whale beach in maryland amid rapid offshor wind develop,state offici in maryland report a second humpback whale death in three week a develop and govern agenc race to construct more green energi,/politics/another-dead-whale-beaches-maryland-amid-rapid-offshore-wind-development
170,170,moder dem silent a biden skirt senat confirm for john kerri replac,senat democrat were silent when ask by fox news digit for a respons to presid biden decis to appoint john podesta to a top polici role without senat confirm,/politics/moderate-dems-silent-biden-skirts-senate-confirmation-john-kerrys-replacement
171,171,dc juri order conserv comment to pay 1m for defam climat scientist,two conserv comment were found guilti thursday of defam a promin climat scientist who creat the fame hockey stick graph,/politics/dc-jury-orders-conservative-commentator-pay-1-million-defaming-climate-scientist
172,172,aoc declar victori in fight for green new deal 5 year later social and ecolog transform,rep alexandria ocasiocortez declar victori in her fight for a green new deal say presid biden ha pursu her vision but call for addit transform,/politics/aoc-declares-victory-fight-green-new-deal-5-years-later-social-ecological-transformation
173,173,whi gas stove owner should still be worri,the biden administr is backtrack on energi effici regul of gas stove but given their climat agenda there are still way they could go after them,/opinion/why-gas-stove-owners-should-still-worried
174,174,state ag warn biden natur gas moratorium violat feder law demand revers,first on fox a group of near two dozen state are warn that presid biden latest crackdown on natur gas export may violat sever feder statut,/politics/state-ags-warn-bidens-natural-gas-moratorium-violates-federal-law-demand-reversal
175,175,john kerri climat offic face gop oversight probe over coordin with eco group kitchen cabinet,first on fox the hous oversight committe is expand it investig into special presidenti envoy for climat john kerri appar frequent work with eco group,/politics/john-kerrys-climate-office-faces-gop-oversight-probe-coordination-eco-group-kitchen-cabinet
176,176,biden latest climat rule crack down on manufactur ignor industri warn of econom devast,the environment protect agenc unveil a sweep regulatori action curb particul matter emiss from industri sourc such a manufactur and energi,/politics/bidens-latest-climate-rules-crack-down-manufacturing-ignoring-industry-warnings-economic-devastation
177,177,biden admin su for hide john kerri staff coordin with eco group,first on fox the biden administr wa hit with a feder complaint tuesday for alleg fail to divulg the name of climat envoy john kerri taxpayerfund staff,/politics/biden-admin-sued-hiding-john-kerrys-staff-coordination-eco-groups
178,178,tiktok activist say he advis white hous on biden new natur gas moratorium,a climat chang activist who ha a larg follow on tiktok told fox news digit that he met with the white hous ahead of it action block new natur gas export,/politics/tiktok-activist-says-he-advised-white-house-bidens-new-natural-gas-moratorium
179,179,anoth dead whale beach in maryland amid rapid offshor wind develop,state offici in maryland report a second humpback whale death in three week a develop and govern agenc race to construct more green energi,/politics/another-dead-whale-beaches-maryland-amid-rapid-offshore-wind-development
180,180,moder dem silent a biden skirt senat confirm for john kerri replac,senat democrat were silent when ask by fox news digit for a respons to presid biden decis to appoint john podesta to a top polici role without senat confirm,/politics/moderate-dems-silent-biden-skirts-senate-confirmation-john-kerrys-replacement
181,181,dc juri order conserv comment to pay 1m for defam climat scientist,two conserv comment were found guilti thursday of defam a promin climat scientist who creat the fame hockey stick graph,/politics/dc-jury-orders-conservative-commentator-pay-1-million-defaming-climate-scientist
182,182,aoc declar victori in fight for green new deal 5 year later social and ecolog transform,rep alexandria ocasiocortez declar victori in her fight for a green new deal say presid biden ha pursu her vision but call for addit transform,/politics/aoc-declares-victory-fight-green-new-deal-5-years-later-social-ecological-transformation
183,183,whi gas stove owner should still be worri,the biden administr is backtrack on energi effici regul of gas stove but given their climat agenda there are still way they could go after them,/opinion/why-gas-stove-owners-should-still-worried
184,184,state ag warn biden natur gas moratorium violat feder law demand revers,first on fox a group of near two dozen state are warn that presid biden latest crackdown on natur gas export may violat sever feder statut,/politics/state-ags-warn-bidens-natural-gas-moratorium-violates-federal-law-demand-reversal
185,185,john kerri climat offic face gop oversight probe over coordin with eco group kitchen cabinet,first on fox the hous oversight committe is expand it investig into special presidenti envoy for climat john kerri appar frequent work with eco group,/politics/john-kerrys-climate-office-faces-gop-oversight-probe-coordination-eco-group-kitchen-cabinet
186,186,biden latest climat rule crack down on manufactur ignor industri warn of econom devast,the environment protect agenc unveil a sweep regulatori action curb particul matter emiss from industri sourc such a manufactur and energi,/politics/bidens-latest-climate-rules-crack-down-manufacturing-ignoring-industry-warnings-economic-devastation
187,187,biden admin su for hide john kerri staff coordin with eco group,first on fox the biden administr wa hit with a feder complaint tuesday for alleg fail to divulg the name of climat envoy john kerri taxpayerfund staff,/politics/biden-admin-sued-hiding-john-kerrys-staff-coordination-eco-groups
188,188,tiktok activist say he advis white hous on biden new natur gas moratorium,a climat chang activist who ha a larg follow on tiktok told fox news digit that he met with the white hous ahead of it action block new natur gas export,/politics/tiktok-activist-says-he-advised-white-house-bidens-new-natural-gas-moratorium
189,189,anoth dead whale beach in maryland amid rapid offshor wind develop,state offici in maryland report a second humpback whale death in three week a develop and govern agenc race to construct more green energi,/politics/another-dead-whale-beaches-maryland-amid-rapid-offshore-wind-development
190,190,moder dem silent a biden skirt senat confirm for john kerri replac,senat democrat were silent when ask by fox news digit for a respons to presid biden decis to appoint john podesta to a top polici role without senat confirm,/politics/moderate-dems-silent-biden-skirts-senate-confirmation-john-kerrys-replacement
191,191,dc juri order conserv comment to pay 1m for defam climat scientist,two conserv comment were found guilti thursday of defam a promin climat scientist who creat the fame hockey stick graph,/politics/dc-jury-orders-conservative-commentator-pay-1-million-defaming-climate-scientist
192,192,aoc declar victori in fight for green new deal 5 year later social and ecolog transform,rep alexandria ocasiocortez declar victori in her fight for a green new deal say presid biden ha pursu her vision but call for addit transform,/politics/aoc-declares-victory-fight-green-new-deal-5-years-later-social-ecological-transformation
193,193,whi gas stove owner should still be worri,the biden administr is backtrack on energi effici regul of gas stove but given their climat agenda there are still way they could go after them,/opinion/why-gas-stove-owners-should-still-worried
194,194,state ag warn biden natur gas moratorium violat feder law demand revers,first on fox a group of near two dozen state are warn that presid biden latest crackdown on natur gas export may violat sever feder statut,/politics/state-ags-warn-bidens-natural-gas-moratorium-violates-federal-law-demand-reversal
195,195,john kerri climat offic face gop oversight probe over coordin with eco group kitchen cabinet,first on fox the hous oversight committe is expand it investig into special presidenti envoy for climat john kerri appar frequent work with eco group,/politics/john-kerrys-climate-office-faces-gop-oversight-probe-coordination-eco-group-kitchen-cabinet
196,196,biden latest climat rule crack down on manufactur ignor industri warn of econom devast,the environment protect agenc unveil a sweep regulatori action curb particul matter emiss from industri sourc such a manufactur and energi,/politics/bidens-latest-climate-rules-crack-down-manufacturing-ignoring-industry-warnings-economic-devastation
197,197,biden admin su for hide john kerri staff coordin with eco group,first on fox the biden administr wa hit with a feder complaint tuesday for alleg fail to divulg the name of climat envoy john kerri taxpayerfund staff,/politics/biden-admin-sued-hiding-john-kerrys-staff-coordination-eco-groups
198,198,tiktok activist say he advis white hous on biden new natur gas moratorium,a climat chang activist who ha a larg follow on tiktok told fox news digit that he met with the white hous ahead of it action block new natur gas export,/politics/tiktok-activist-says-he-advised-white-house-bidens-new-natural-gas-moratorium
199,199,anoth dead whale beach in maryland amid rapid offshor wind develop,state offici in maryland report a second humpback whale death in three week a develop and govern agenc race to construct more green energi,/politics/another-dead-whale-beaches-maryland-amid-rapid-offshore-wind-development
200,200,moder dem silent a biden skirt senat confirm for john kerri replac,senat democrat were silent when ask by fox news digit for a respons to presid biden decis to appoint john podesta to a top polici role without senat confirm,/politics/moderate-dems-silent-biden-skirts-senate-confirmation-john-kerrys-replacement
201,201,dc juri order conserv comment to pay 1m for defam climat scientist,two conserv comment were found guilti thursday of defam a promin climat scientist who creat the fame hockey stick graph,/politics/dc-jury-orders-conservative-commentator-pay-1-million-defaming-climate-scientist
202,202,aoc declar victori in fight for green new deal 5 year later social and ecolog transform,rep alexandria ocasiocortez declar victori in her fight for a green new deal say presid biden ha pursu her vision but call for addit transform,/politics/aoc-declares-victory-fight-green-new-deal-5-years-later-social-ecological-transformation
203,203,whi gas stove owner should still be worri,the biden administr is backtrack on energi effici regul of gas stove but given their climat agenda there are still way they could go after them,/opinion/why-gas-stove-owners-should-still-worried
204,204,state ag warn biden natur gas moratorium violat feder law demand revers,first on fox a group of near two dozen state are warn that presid biden latest crackdown on natur gas export may violat sever feder statut,/politics/state-ags-warn-bidens-natural-gas-moratorium-violates-federal-law-demand-reversal
205,205,john kerri climat offic face gop oversight probe over coordin with eco group kitchen cabinet,first on fox the hous oversight committe is expand it investig into special presidenti envoy for climat john kerri appar frequent work with eco group,/politics/john-kerrys-climate-office-faces-gop-oversight-probe-coordination-eco-group-kitchen-cabinet
206,206,biden latest climat rule crack down on manufactur ignor industri warn of econom devast,the environment protect agenc unveil a sweep regulatori action curb particul matter emiss from industri sourc such a manufactur and energi,/politics/bidens-latest-climate-rules-crack-down-manufacturing-ignoring-industry-warnings-economic-devastation
207,207,biden admin su for hide john kerri staff coordin with eco group,first on fox the biden administr wa hit with a feder complaint tuesday for alleg fail to divulg the name of climat envoy john kerri taxpayerfund staff,/politics/biden-admin-sued-hiding-john-kerrys-staff-coordination-eco-groups
208,208,tiktok activist say he advis white hous on biden new natur gas moratorium,a climat chang activist who ha a larg follow on tiktok told fox news digit that he met with the white hous ahead of it action block new natur gas export,/politics/tiktok-activist-says-he-advised-white-house-bidens-new-natural-gas-moratorium
209,209,anoth dead whale beach in maryland amid rapid offshor wind develop,state offici in maryland report a second humpback whale death in three week a develop and govern agenc race to construct more green energi,/politics/another-dead-whale-beaches-maryland-amid-rapid-offshore-wind-development
210,210,moder dem silent a biden skirt senat confirm for john kerri replac,senat democrat were silent when ask by fox news digit for a respons to presid biden decis to appoint john podesta to a top polici role without senat confirm,/politics/moderate-dems-silent-biden-skirts-senate-confirmation-john-kerrys-replacement
211,211,dc juri order conserv comment to pay 1m for defam climat scientist,two conserv comment were found guilti thursday of defam a promin climat scientist who creat the fame hockey stick graph,/politics/dc-jury-orders-conservative-commentator-pay-1-million-defaming-climate-scientist
212,212,aoc declar victori in fight for green new deal 5 year later social and ecolog transform,rep alexandria ocasiocortez declar victori in her fight for a green new deal say presid biden ha pursu her vision but call for addit transform,/politics/aoc-declares-victory-fight-green-new-deal-5-years-later-social-ecological-transformation
213,213,whi gas stove owner should still be worri,the biden administr is backtrack on energi effici regul of gas stove but given their climat agenda there are still way they could go after them,/opinion/why-gas-stove-owners-should-still-worried
214,214,state ag warn biden natur gas moratorium violat feder law demand revers,first on fox a group of near two dozen state are warn that presid biden latest crackdown on natur gas export may violat sever feder statut,/politics/state-ags-warn-bidens-natural-gas-moratorium-violates-federal-law-demand-reversal
215,215,john kerri climat offic face gop oversight probe over coordin with eco group kitchen cabinet,first on fox the hous oversight committe is expand it investig into special presidenti envoy for climat john kerri appar frequent work with eco group,/politics/john-kerrys-climate-office-faces-gop-oversight-probe-coordination-eco-group-kitchen-cabinet
216,216,biden latest climat rule crack down on manufactur ignor industri warn of econom devast,the environment protect agenc unveil a sweep regulatori action curb particul matter emiss from industri sourc such a manufactur and energi,/politics/bidens-latest-climate-rules-crack-down-manufacturing-ignoring-industry-warnings-economic-devastation
217,217,biden admin su for hide john kerri staff coordin with eco group,first on fox the biden administr wa hit with a feder complaint tuesday for alleg fail to divulg the name of climat envoy john kerri taxpayerfund staff,/politics/biden-admin-sued-hiding-john-kerrys-staff-coordination-eco-groups
218,218,tiktok activist say he advis white hous on biden new natur gas moratorium,a climat chang activist who ha a larg follow on tiktok told fox news digit that he met with the white hous ahead of it action block new natur gas export,/politics/tiktok-activist-says-he-advised-white-house-bidens-new-natural-gas-moratorium
219,219,anoth dead whale beach in maryland amid rapid offshor wind develop,state offici in maryland report a second humpback whale death in three week a develop and govern agenc race to construct more green energi,/politics/another-dead-whale-beaches-maryland-amid-rapid-offshore-wind-development
220,220,moder dem silent a biden skirt senat confirm for john kerri replac,senat democrat were silent when ask by fox news digit for a respons to presid biden decis to appoint john podesta to a top polici role without senat confirm,/politics/moderate-dems-silent-biden-skirts-senate-confirmation-john-kerrys-replacement
221,221,dc juri order conserv comment to pay 1m for defam climat scientist,two conserv comment were found guilti thursday of defam a promin climat scientist who creat the fame hockey stick graph,/politics/dc-jury-orders-conservative-commentator-pay-1-million-defaming-climate-scientist
222,222,aoc declar victori in fight for green new deal 5 year later social and ecolog transform,rep alexandria ocasiocortez declar victori in her fight for a green new deal say presid biden ha pursu her vision but call for addit transform,/politics/aoc-declares-victory-fight-green-new-deal-5-years-later-social-ecological-transformation
223,223,whi gas stove owner should still be worri,the biden administr is backtrack on energi effici regul of gas stove but given their climat agenda there are still way they could go after them,/opinion/why-gas-stove-owners-should-still-worried
224,224,state ag warn biden natur gas moratorium violat feder law demand revers,first on fox a group of near two dozen state are warn that presid biden latest crackdown on natur gas export may violat sever feder statut,/politics/state-ags-warn-bidens-natural-gas-moratorium-violates-federal-law-demand-reversal
225,225,john kerri climat offic face gop oversight probe over coordin with eco group kitchen cabinet,first on fox the hous oversight committe is expand it investig into special presidenti envoy for climat john kerri appar frequent work with eco group,/politics/john-kerrys-climate-office-faces-gop-oversight-probe-coordination-eco-group-kitchen-cabinet
226,226,biden latest climat rule crack down on manufactur ignor industri warn of econom devast,the environment protect agenc unveil a sweep regulatori action curb particul matter emiss from industri sourc such a manufactur and energi,/politics/bidens-latest-climate-rules-crack-down-manufacturing-ignoring-industry-warnings-economic-devastation
227,227,biden admin su for hide john kerri staff coordin with eco group,first on fox the biden administr wa hit with a feder complaint tuesday for alleg fail to divulg the name of climat envoy john kerri taxpayerfund staff,/politics/biden-admin-sued-hiding-john-kerrys-staff-coordination-eco-groups
228,228,tiktok activist say he advis white hous on biden new natur gas moratorium,a climat chang activist who ha a larg follow on tiktok told fox news digit that he met with the white hous ahead of it action block new natur gas export,/politics/tiktok-activist-says-he-advised-white-house-bidens-new-natural-gas-moratorium
229,229,anoth dead whale beach in maryland amid rapid offshor wind develop,state offici in maryland report a second humpback whale death in three week a develop and govern agenc race to construct more green energi,/politics/another-dead-whale-beaches-maryland-amid-rapid-offshore-wind-development
230,230,moder dem silent a biden skirt senat confirm for john kerri replac,senat democrat were silent when ask by fox news digit for a respons to presid biden decis to appoint john podesta to a top polici role without senat confirm,/politics/moderate-dems-silent-biden-skirts-senate-confirmation-john-kerrys-replacement
231,231,dc juri order conserv comment to pay 1m for defam climat scientist,two conserv comment were found guilti thursday of defam a promin climat scientist who creat the fame hockey stick graph,/politics/dc-jury-orders-conservative-commentator-pay-1-million-defaming-climate-scientist
232,232,aoc declar victori in fight for green new deal 5 year later social and ecolog transform,rep alexandria ocasiocortez declar victori in her fight for a green new deal say presid biden ha pursu her vision but call for addit transform,/politics/aoc-declares-victory-fight-green-new-deal-5-years-later-social-ecological-transformation
233,233,whi gas stove owner should still be worri,the biden administr is backtrack on energi effici regul of gas stove but given their climat agenda there are still way they could go after them,/opinion/why-gas-stove-owners-should-still-worried
234,234,state ag warn biden natur gas moratorium violat feder law demand revers,first on fox a group of near two dozen state are warn that presid biden latest crackdown on natur gas export may violat sever feder statut,/politics/state-ags-warn-bidens-natural-gas-moratorium-violates-federal-law-demand-reversal
235,235,john kerri climat offic face gop oversight probe over coordin with eco group kitchen cabinet,first on fox the hous oversight committe is expand it investig into special presidenti envoy for climat john kerri appar frequent work with eco group,/politics/john-kerrys-climate-office-faces-gop-oversight-probe-coordination-eco-group-kitchen-cabinet
236,236,biden latest climat rule crack down on manufactur ignor industri warn of econom devast,the environment protect agenc unveil a sweep regulatori action curb particul matter emiss from industri sourc such a manufactur and energi,/politics/bidens-latest-climate-rules-crack-down-manufacturing-ignoring-industry-warnings-economic-devastation
237,237,biden admin su for hide john kerri staff coordin with eco group,first on fox the biden administr wa hit with a feder complaint tuesday for alleg fail to divulg the name of climat envoy john kerri taxpayerfund staff,/politics/biden-admin-sued-hiding-john-kerrys-staff-coordination-eco-groups
238,238,tiktok activist say he advis white hous on biden new natur gas moratorium,a climat chang activist who ha a larg follow on tiktok told fox news digit that he met with the white hous ahead of it action block new natur gas export,/politics/tiktok-activist-says-he-advised-white-house-bidens-new-natural-gas-moratorium
239,239,anoth dead whale beach in maryland amid rapid offshor wind develop,state offici in maryland report a second humpback whale death in three week a develop and govern agenc race to construct more green energi,/politics/another-dead-whale-beaches-maryland-amid-rapid-offshore-wind-development
240,240,moder dem silent a biden skirt senat confirm for john kerri replac,senat democrat were silent when ask by fox news digit for a respons to presid biden decis to appoint john podesta to a top polici role without senat confirm,/politics/moderate-dems-silent-biden-skirts-senate-confirmation-john-kerrys-replacement
241,241,dc juri order conserv comment to pay 1m for defam climat scientist,two conserv comment were found guilti thursday of defam a promin climat scientist who creat the fame hockey stick graph,/politics/dc-jury-orders-conservative-commentator-pay-1-million-defaming-climate-scientist
242,242,aoc declar victori in fight for green new deal 5 year later social and ecolog transform,rep alexandria ocasiocortez declar victori in her fight for a green new deal say presid biden ha pursu her vision but call for addit transform,/politics/aoc-declares-victory-fight-green-new-deal-5-years-later-social-ecological-transformation
243,243,whi gas stove owner should still be worri,the biden administr is backtrack on energi effici regul of gas stove but given their climat agenda there are still way they could go after them,/opinion/why-gas-stove-owners-should-still-worried
244,244,state ag warn biden natur gas moratorium violat feder law demand revers,first on fox a group of near two dozen state are warn that presid biden latest crackdown on natur gas export may violat sever feder statut,/politics/state-ags-warn-bidens-natural-gas-moratorium-violates-federal-law-demand-reversal
245,245,john kerri climat offic face gop oversight probe over coordin with eco group kitchen cabinet,first on fox the hous oversight committe is expand it investig into special presidenti envoy for climat john kerri appar frequent work with eco group,/politics/john-kerrys-climate-office-faces-gop-oversight-probe-coordination-eco-group-kitchen-cabinet
246,246,biden latest climat rule crack down on manufactur ignor industri warn of econom devast,the environment protect agenc unveil a sweep regulatori action curb particul matter emiss from industri sourc such a manufactur and energi,/politics/bidens-latest-climate-rules-crack-down-manufacturing-ignoring-industry-warnings-economic-devastation
247,247,biden admin su for hide john kerri staff coordin with eco group,first on fox the biden administr wa hit with a feder complaint tuesday for alleg fail to divulg the name of climat envoy john kerri taxpayerfund staff,/politics/biden-admin-sued-hiding-john-kerrys-staff-coordination-eco-groups
248,248,tiktok activist say he advis white hous on biden new natur gas moratorium,a climat chang activist who ha a larg follow on tiktok told fox news digit that he met with the white hous ahead of it action block new natur gas export,/politics/tiktok-activist-says-he-advised-white-house-bidens-new-natural-gas-moratorium
249,249,anoth dead whale beach in maryland amid rapid offshor wind develop,state offici in maryland report a second humpback whale death in three week a develop and govern agenc race to construct more green energi,/politics/another-dead-whale-beaches-maryland-amid-rapid-offshore-wind-development
